lat,lon,elevation_m,slope_deg
22.5,88.0,5.0,0.014452989120169799
22.5,88.25,7.0,0.01858241432567764
22.5,88.5,4.0,0.014452989120169799
22.5,88.75,0.0,0.008258851043785318
22.5,89.0,4.0,0.0020647127743524674
22.5,89.25,2.0,0.006194138301607582
22.5,89.5,6.0,0.008258851043785318
22.5,89.75,5.0,0.010323563764513237
22.5,90.0,0.0,0.008258851043785318
22.5,90.25,10.0,0.0020647127743524674
22.5,90.5,3.0,0.0020647127743524674
22.5,90.75,6.0,0.012388276458428882
22.5,91.0,0.0,0.012388276458428882
22.5,91.25,0.0,0.014452989120169799
22.5,91.5,6.0,0.0
22.5,91.75,54.0,0.08258845381039906
22.5,92.0,34.0,0.5698419365258233
22.5,92.25,111.0,0.16930595479175053
22.5,92.5,263.0,0.39641852721957355
22.5,92.75,272.0,0.289057336142473
22.5,93.0,972.0,0.8629846747824034
22.5,93.25,835.0,1.1044845061444346
22.5,93.5,2221.0,0.3860954447665699
22.5,93.75,1253.0,0.9909633090863906
22.5,94.0,400.0,0.3819662047290255
22.5,94.25,838.0,0.010323563764513237
22.5,94.5,249.0,0.14040018769650978
22.5,94.75,241.0,0.24156996328945088
22.5,95.0,129.0,0.1011708208393484
22.5,95.25,156.0,0.057811938087470274
22.5,95.5,93.0,0.016517701744373538
22.5,95.75,100.0,0.12388257346693189
22.5,96.0,71.0,0.2931866550829615
22.5,96.25,631.0,0.7019672190917212
22.5,96.5,1047.0,0.6813231001316421
22.75,88.0,12.0,0.014452989120169799
22.75,88.25,16.0,0.006194138301607582
22.75,88.5,11.0,0.0
22.75,88.75,4.0,0.006194138301607582
22.75,89.0,3.0,0.01858241432567764
22.75,89.25,5.0,0.012388276458428882
22.75,89.5,2.0,0.0020647127743524674
22.75,89.75,10.0,0.0
22.75,90.0,4.0,0.0
22.75,90.25,9.0,0.0041294255433424795
22.75,90.5,2.0,0.0
22.75,90.75,0.0,0.02890597640101786
22.75,91.0,6.0,0.0020647127743524674
22.75,91.25,7.0,0.010323563764513237
22.75,91.5,6.0,0.0
22.75,91.75,14.0,0.053682516447991366
22.75,92.0,310.0,0.5264869389588482
22.75,92.25,29.0,0.016517701744373538
22.75,92.5,71.0,0.12801197906203798
22.75,92.75,412.0,0.4211938188226336
22.75,93.0,554.0,1.1643377020701486
22.75,93.25,1370.0,1.2799089805613397
22.75,93.5,2408.0,0.838213582128867
22.75,93.75,773.0,1.2799089805613397
22.75,94.0,215.0,0.14040018769650978
22.75,94.25,833.0,0.07020019923074715
22.75,94.5,181.0,0.12181787018408123
22.75,94.75,124.0,0.12181787018408123
22.75,95.0,178.0,0.2353759322726222
22.75,95.25,128.0,0.08258845381039906
22.75,95.5,101.0,0.05161780541643532
22.75,95.75,160.0,0.08671787034483673
22.75,96.0,213.0,0.14865898623147009
22.75,96.25,291.0,2.022577965340339
22.75,96.5,717.0,1.7895238522104946
23.0,88.0,19.0,0.01858241432567764
23.0,88.25,13.0,0.0020647127743524674
23.0,88.5,11.0,0.0020647127743524674
23.0,88.75,7.0,0.006194138301607582
23.0,89.0,12.0,0.008258851043785318
23.0,89.25,11.0,0.0020647127743524674
23.0,89.5,3.0,0.012388276458428882
23.0,89.75,10.0,0.006194138301607582
23.0,90.0,4.0,0.0
23.0,90.25,7.0,0.0020647127743524674
23.0,90.5,2.0,0.01858241432567764
23.0,90.75,14.0,0.010323563764513237
23.0,91.0,7.0,0.0020647127743524674
23.0,91.25,12.0,0.012388276458428882
23.0,91.5,6.0,0.06813548946472758
23.0,91.75,40.0,0.14452958771472407
23.0,92.0,55.0,0.3241564470921951
23.0,92.25,37.0,0.07639432741341867
23.0,92.5,133.0,0.4088061921309467
23.0,92.75,616.0,0.32622109335815996
23.0,93.0,1118.0,0.9207826203068342
23.0,93.25,750.0,0.8960122948515584
23.0,93.5,2002.0,0.1527883832038498
23.0,93.75,1393.0,0.04129424835498634
23.0,94.0,147.0,0.006194138301607582
23.0,94.25,799.0,1.1375072655604697
23.0,94.5,240.0,0.14865898623147009
23.0,94.75,183.0,0.6937095930799073
23.0,95.0,292.0,0.008258851043785318
23.0,95.25,168.0,0.01858241432567764
23.0,95.5,126.0,0.07639432741341867
23.0,95.75,202.0,0.35306141576778505
23.0,96.0,141.0,0.08052374521875305
23.0,96.25,1271.0,2.06175769075854
23.0,96.5,1584.0,2.935515038926777
23.25,88.0,28.0,0.0020647127743524674
23.25,88.25,14.0,0.006194138301607582
23.25,88.5,12.0,0.0
23.25,88.75,10.0,0.006194138301607582
23.25,89.0,8.0,0.006194138301607582
23.25,89.25,10.0,0.008258851043785318
23.25,89.5,9.0,0.0020647127743524674
23.25,89.75,13.0,0.0041294255433424795
23.25,90.0,4.0,0.006194138301607582
23.25,90.25,6.0,0.0020647127743524674
23.25,90.5,11.0,0.010323563764513237
23.25,90.75,9.0,0.010323563764513237
23.25,91.0,8.0,0.0020647127743524674
23.25,91.25,6.0,0.0351001127882296
23.25,91.5,39.0,0.0041294255433424795
23.25,91.75,110.0,0.08465316218754775
23.25,92.0,212.0,0.2353759322726222
23.25,92.25,74.0,0.40467697468327196
23.25,92.5,331.0,0.8650489180679842
23.25,92.75,774.0,0.2601520218820697
23.25,93.0,672.0,0.13420608494777478
23.25,93.25,1184.0,0.11149434913134446
23.25,93.5,2076.0,1.3397543583224458
23.25,93.75,1413.0,1.1870399806931669
23.25,94.0,144.0,0.10530023298195924
23.25,94.25,248.0,0.12181787018408123
23.25,94.5,312.0,0.06194135912635545
23.25,94.75,519.0,0.3158978536634346
23.25,95.0,288.0,0.2663460294444216
23.25,95.25,159.0,0.1816941151648455
23.25,95.5,163.0,0.024776551758567633
23.25,95.75,373.0,0.30970389995883885
23.25,96.0,102.0,0.047488382956502186
23.25,96.25,272.0,0.2931866550829615
23.25,96.5,161.0,0.05574722734012383
23.5,88.0,27.0,0.006194138301607582
23.5,88.25,17.0,0.0020647127743524674
23.5,88.5,12.0,0.006194138301607582
23.5,88.75,7.0,0.01858241432567764
23.5,89.0,11.0,0.0020647127743524674
23.5,89.25,6.0,0.010323563764513237
23.5,89.5,8.0,0.008258851043785318
23.5,89.75,11.0,0.0020647127743524674
23.5,90.0,7.0,0.0041294255433424795
23.5,90.25,7.0,0.0041294255433424795
23.5,90.5,6.0,0.0020647127743524674
23.5,90.75,4.0,0.0020647127743524674
23.5,91.0,9.0,0.0020647127743524674
23.5,91.25,23.0,0.022711839338137137
23.5,91.5,41.0,0.1011708208393484
23.5,91.75,69.0,0.08465316218754775
23.5,92.0,98.0,0.08878257827690364
23.5,92.25,270.0,0.23331125403726496
23.5,92.5,750.0,0.2993806277695747
23.5,92.75,900.0,0.4810667718603488
23.5,93.0,737.0,0.014452989120169799
23.5,93.25,1238.0,0.10530023298195924
23.5,93.5,1427.0,0.0041294255433424795
23.5,93.75,1988.0,1.7544572981146807
23.5,94.0,195.0,1.9875208163706253
23.5,94.25,307.0,0.09704140764570293
23.5,94.5,282.0,0.2849280141991625
23.5,94.75,366.0,0.08878257827690364
23.5,95.0,417.0,0.25395800823894465
23.5,95.25,247.0,0.0020647127743524674
23.5,95.5,175.0,0.0929119934439217
23.5,95.75,223.0,0.07432961821045511
23.5,96.0,79.0,0.26841069725556754
23.5,96.25,130.0,0.07020019923074715
23.5,96.5,188.0,0.07432961821045511
23.75,88.0,30.0,0.010323563764513237
23.75,88.25,16.0,0.0020647127743524674
23.75,88.5,15.0,0.006194138301607582
23.75,88.75,16.0,0.012388276458428882
23.75,89.0,12.0,0.0020647127743524674
23.75,89.25,11.0,0.016517701744373538
23.75,89.5,12.0,0.0020647127743524674
23.75,89.75,10.0,0.0041294255433424795
23.75,90.0,5.0,0.006194138301607582
23.75,90.25,9.0,0.010323563764513237
23.75,90.5,5.0,0.0
23.75,90.75,5.0,0.01858241432567764
23.75,91.0,8.0,0.0
23.75,91.25,12.0,0.014452989120169799
23.75,91.5,90.0,0.05161780541643532
23.75,91.75,110.0,0.35925531474691064
23.75,92.0,141.0,0.14659428716346173
23.75,92.25,383.0,0.45629187676408345
23.75,92.5,895.0,0.3386089529748281
23.75,92.75,667.0,0.3241564470921951
23.75,93.0,730.0,0.7349974280801838
23.75,93.25,1289.0,1.2056142953458657
23.75,93.5,1429.0,0.8423421195832946
23.75,93.75,1138.0,0.47280849302593303
23.75,94.0,1158.0,0.22711721571701693
23.75,94.25,260.0,0.19614694738129357
23.75,94.5,144.0,0.9682581073841232
23.75,94.75,323.0,0.17756473020416386
23.75,95.0,540.0,0.38403082524646115
23.75,95.25,248.0,0.46455019454615815
23.75,95.5,220.0,0.27254003078123223
23.75,95.75,187.0,0.5987449087635357
23.75,96.0,209.0,0.11562375845868658
23.75,96.25,96.0,0.12594727642803824
23.75,96.5,152.0,0.10323552704471432
24.0,88.0,25.0,0.012388276458428882
24.0,88.25,17.0,0.012388276458428882
24.0,88.5,18.0,0.0041294255433424795
24.0,88.75,22.0,0.0020647127743524674
24.0,89.0,13.0,0.010323563764513237
24.0,89.25,19.0,0.006194138301607582
24.0,89.5,13.0,0.0041294255433424795
24.0,89.75,8.0,0.010323563764513237
24.0,90.0,8.0,0.006194138301607582
24.0,90.25,14.0,0.0041294255433424795
24.0,90.5,5.0,0.014452989120169799
24.0,90.75,14.0,0.0041294255433424795
24.0,91.0,8.0,0.0041294255433424795
24.0,91.25,5.0,0.010323563764513237
24.0,91.5,115.0,0.20027632351020425
24.0,91.75,284.0,0.4769376349202518
24.0,92.0,70.0,0.08052374521875305
24.0,92.25,162.0,0.16724125982595772
24.0,92.5,731.0,1.4202314398803437
24.0,92.75,510.0,0.8051849727160822
24.0,93.0,374.0,0.26428136094154875
24.0,93.25,705.0,0.14452958771472407
24.0,93.5,1021.0,0.49964782563253296
24.0,93.75,909.0,0.5925514398652718
24.0,94.0,1048.0,1.211805677435744
24.0,94.25,165.0,0.23744060989668023
24.0,94.5,613.0,0.39435391276651466
24.0,94.75,237.0,0.23744060989668023
24.0,95.0,354.0,0.2787340257477346
24.0,95.25,473.0,0.3014452837839008
24.0,95.5,352.0,0.08671787034483673
24.0,95.75,477.0,0.6214541739060112
24.0,96.0,153.0,0.07845903641797213
24.0,96.25,157.0,0.29112199599075084
24.0,96.5,102.0,0.014452989120169799
24.25,88.0,31.0,0.01858241432567764
24.25,88.25,23.0,0.0020647127743524674
24.25,88.5,20.0,0.008258851043785318
24.25,88.75,21.0,0.022711839338137137
24.25,89.0,18.0,0.012388276458428882
24.25,89.25,16.0,0.0041294255433424795
24.25,89.5,11.0,0.006194138301607582
24.25,89.75,13.0,0.0
24.25,90.0,11.0,0.039229536599499834
24.25,90.25,16.0,0.008258851043785318
24.25,90.5,12.0,0.0020647127743524674
24.25,90.75,12.0,0.0020647127743524674
24.25,91.0,6.0,0.008258851043785318
24.25,91.25,10.0,0.0020647127743524674
24.25,91.5,18.0,0.016517701744373538
24.25,91.75,53.0,0.08052374521875305
24.25,92.0,31.0,0.03303540074317077
24.25,92.25,81.0,0.11768846267459628
24.25,92.5,43.0,0.0660707795217475
24.25,92.75,120.0,0.08671787034483673
24.25,93.0,246.0,0.317962503264637
24.25,93.25,635.0,1.048756946852693
24.25,93.5,779.0,0.46042103804646684
24.25,93.75,1196.0,0.8609204292563332
24.25,94.0,1635.0,1.7627083712781946
24.25,94.25,280.0,1.0219244447541023
24.25,94.5,422.0,0.4790022040122581
24.25,94.75,122.0,0.0041294255433424795
24.25,95.0,219.0,0.07639432741341867
24.25,95.25,327.0,0.04129424835498634
24.25,95.5,310.0,0.08671787034483673
24.25,95.75,778.0,0.7989920482095738
24.25,96.0,191.0,0.3014452837839008
24.25,96.25,298.0,0.053682516447991366
24.25,96.5,95.0,0.11355905394248186
24.5,88.0,22.0,0.006194138301607582
24.5,88.25,24.0,0.0041294255433424795
24.5,88.5,24.0,0.010323563764513237
24.5,88.75,10.0,0.014452989120169799
24.5,89.0,12.0,0.0041294255433424795
24.5,89.25,14.0,0.0041294255433424795
24.5,89.5,14.0,0.0020647127743524674
24.5,89.75,13.0,0.014452989120169799
24.5,90.0,30.0,0.02890597640101786
24.5,90.25,12.0,0.014452989120169799
24.5,90.5,11.0,0.010323563764513237
24.5,90.75,11.0,0.0041294255433424795
24.5,91.0,10.0,0.006194138301607582
24.5,91.25,9.0,0.0
24.5,91.5,10.0,0.0041294255433424795
24.5,91.75,14.0,0.0020647127743524674
24.5,92.0,15.0,0.0020647127743524674
24.5,92.25,24.0,0.014452989120169799
24.5,92.5,75.0,0.047488382956502186
24.5,92.75,78.0,0.12181787018408123
24.5,93.0,400.0,0.7680271485169281
24.5,93.25,127.0,0.9104616926685177
24.5,93.5,556.0,0.057811938087470274
24.5,93.75,779.0,1.1932314468301715
24.5,94.0,781.0,0.030970688612312704
24.5,94.25,775.0,0.825827917707564
24.5,94.5,190.0,1.8060252976012394
24.5,94.75,124.0,0.0020647127743524674
24.5,95.0,182.0,0.04129424835498634
24.5,95.25,307.0,0.26428136094154875
24.5,95.5,268.0,0.16311186859667984
24.5,95.75,391.0,0.2622166917523109
24.5,96.0,337.0,0.9042691076789103
24.5,96.25,272.0,0.225052535090082
24.5,96.5,150.0,0.29112199599075084
24.75,88.0,25.0,0.008258851043785318
24.75,88.25,26.0,0.008258851043785318
24.75,88.5,29.0,0.0041294255433424795
24.75,88.75,17.0,0.008258851043785318
24.75,89.0,14.0,0.014452989120169799
24.75,89.25,16.0,0.012388276458428882
24.75,89.5,15.0,0.008258851043785318
24.75,89.75,20.0,0.0
24.75,90.0,16.0,0.012388276458428882
24.75,90.25,19.0,0.006194138301607582
24.75,90.5,16.0,0.010323563764513237
24.75,90.75,13.0,0.008258851043785318
24.75,91.0,7.0,0.0041294255433424795
24.75,91.25,9.0,0.008258851043785318
24.75,91.5,8.0,0.0041294255433424795
24.75,91.75,13.0,0.0
24.75,92.0,16.0,0.0
24.75,92.25,31.0,0.020647126858719656
24.75,92.5,52.0,0.026841264114648693
24.75,92.75,19.0,0.6193897032181166
24.75,93.0,28.0,1.040500840816373
24.75,93.25,568.0,0.9930274030044771
24.75,93.5,584.0,0.9104616926685177
24.75,93.75,1357.0,0.14246488789061934
24.75,94.0,796.0,0.07432961821045511
24.75,94.25,1175.0,0.16930595479175053
24.75,94.5,1065.0,0.14040018769650978
24.75,94.75,125.0,2.5338141936131464
24.75,95.0,162.0,0.0660707795217475
24.75,95.25,179.0,0.1816941151648455
24.75,95.5,189.0,0.014452989120169799
24.75,95.75,264.0,1.432612039832468
24.75,96.0,775.0,0.9600015946201024
24.75,96.25,381.0,0.2188584897237876
24.75,96.5,291.0,0.1651765644258134
25.0,88.0,29.0,0.006194138301607582
25.0,88.25,30.0,0.008258851043785318
25.0,88.5,27.0,0.016517701744373538
25.0,88.75,21.0,0.008258851043785318
25.0,89.0,21.0,0.006194138301607582
25.0,89.25,22.0,0.012388276458428882
25.0,89.5,19.0,0.008258851043785318
25.0,89.75,20.0,0.0041294255433424795
25.0,90.0,22.0,0.026841264114648693
25.0,90.25,16.0,0.05161780541643532
25.0,90.5,11.0,0.3757723372463664
25.0,90.75,9.0,0.22711721571701693
25.0,91.0,5.0,0.7535767073468518
25.0,91.25,5.0,1.0219244447541023
25.0,91.5,10.0,2.0988735466597537
25.0,91.75,13.0,2.4678691864214937
25.0,92.0,16.0,1.5791053294624882
25.0,92.25,21.0,1.2530808277273475
25.0,92.5,39.0,2.249380572815517
25.0,92.75,319.0,1.7750848437905946
25.0,93.0,532.0,0.5058414870609216
25.0,93.25,87.0,1.1973590754463652
25.0,93.5,1025.0,1.4243583213273903
25.0,93.75,1288.0,0.2828633521148532
25.0,94.0,832.0,0.6854519382479868
25.0,94.25,1093.0,0.07432961821045511
25.0,94.5,1133.0,0.8010563584600147
25.0,94.75,1353.0,0.8691773978962573
25.0,95.0,130.0,0.41500001032662176
25.0,95.25,267.0,0.18375880694003754
25.0,95.5,182.0,0.2105997546361
25.0,95.75,958.0,1.5852947455425785
25.0,96.0,310.0,0.23744060989668023
25.0,96.25,275.0,0.2849280141991625
25.0,96.5,211.0,0.057811938087470274
25.25,88.0,26.0,0.014452989120169799
25.25,88.25,34.0,0.006194138301607582
25.25,88.5,35.0,0.008258851043785318
25.25,88.75,25.0,0.012388276458428882
25.25,89.0,24.0,0.01858241432567764
25.25,89.25,28.0,0.006194138301607582
25.25,89.5,23.0,0.0020647127743524674
25.25,89.75,22.0,0.010323563764513237
25.25,90.0,35.0,0.07432961821045511
25.25,90.25,41.0,2.3565722401597804
25.25,90.5,193.0,0.5037769345579087
25.25,90.75,119.0,0.5512613002949743
25.25,91.0,370.0,0.6524210375773207
25.25,91.25,500.0,1.6368717599548606
25.25,91.5,1027.0,1.2819726615253597
25.25,91.75,1209.0,0.9249109746667011
25.25,92.0,781.0,1.6575018274286613
25.25,92.25,628.0,1.3810253370485244
25.25,92.5,1129.0,0.1197531665848486
25.25,92.75,1179.0,1.2984819890253723
25.25,93.0,287.0,0.24156996328945088
25.25,93.25,667.0,0.6895807692450294
25.25,93.5,1715.0,2.45138190547914
25.25,93.75,1151.0,0.2663460294444216
25.25,94.0,1164.0,0.737061800148198
25.25,94.25,1057.0,2.2967942594507558
25.25,94.5,1521.0,0.45629187676408345
25.25,94.75,1774.0,1.787461150599843
25.25,95.0,331.0,2.403978719409339
25.25,95.25,178.0,0.0660707795217475
25.25,95.5,284.0,0.16724125982595772
25.25,95.75,190.0,0.02890597640101786
25.25,96.0,195.0,0.07432961821045511
25.25,96.25,413.0,0.0020647127743524674
25.25,96.5,183.0,0.2601520218820697
25.5,88.0,33.0,0.0041294255433424795
25.5,88.25,31.0,0.01858241432567764
25.5,88.5,31.0,0.01858241432567764
25.5,88.75,31.0,0.016517701744373538
25.5,89.0,33.0,0.012388276458428882
25.5,89.25,31.0,0.008258851043785318
25.5,89.5,24.0,0.008258851043785318
25.5,89.75,17.0,0.006194138301607582
25.5,90.0,71.0,0.05574722734012383
25.5,90.25,1183.0,2.06794378780282
25.5,90.5,437.0,0.49138959225446066
25.5,90.75,386.0,0.2456993141726818
25.5,91.0,686.0,0.2044056975585332
25.5,91.25,1293.0,1.0054119121920244
25.5,91.5,1648.0,2.144234974261127
25.5,91.75,1657.0,1.9359634883827668
25.5,92.0,1584.0,1.3727712546013382
25.5,92.25,1297.0,1.0982926563898778
25.5,92.5,1071.0,0.6462276947580887
25.5,92.75,550.0,0.7515123507389386
25.5,93.0,170.0,0.08671787034483673
25.5,93.25,333.0,0.3551260496848854
25.5,93.5,527.0,0.6028738802641148
25.5,93.75,1022.0,0.9372959799479
25.5,94.0,1521.0,1.1911676278741834
25.5,94.25,2170.0,3.1002341156735858
25.5,94.5,1300.0,0.21472912329530314
25.5,94.75,2640.0,3.8551843983014624
25.5,95.0,1496.0,2.4493209667427682
25.5,95.25,210.0,0.5512613002949743
25.5,95.5,203.0,0.020647126858719656
25.5,95.75,204.0,0.05161780541643532
25.5,96.0,231.0,0.3819662047290255
25.5,96.25,414.0,1.0157322647915856
25.5,96.5,309.0,0.452162710741891
25.75,88.0,35.0,0.024776551758567633
25.75,88.25,40.0,0.024776551758567633
25.75,88.5,40.0,0.030970688612312704
25.75,88.75,39.0,0.026841264114648693
25.75,89.0,39.0,0.020647126858719656
25.75,89.25,35.0,0.014452989120169799
25.75,89.5,28.0,0.010323563764513237
25.75,89.75,20.0,0.024776551758567633
25.75,90.0,44.0,0.016517701744373538
25.75,90.25,181.0,0.29525131341374344
25.75,90.5,199.0,0.2064703837890744
25.75,90.75,267.0,0.43771059295735437
25.75,91.0,587.0,1.1168681281059742
25.75,91.25,806.0,1.5708527173692461
25.75,91.5,609.0,1.1540183632092094
25.75,91.75,719.0,0.6379698808651518
25.75,92.0,919.0,1.1891038058267323
25.75,92.25,765.0,0.9538091838608606
25.75,92.5,758.0,1.1891038058267323
25.75,92.75,186.0,0.24363463904743973
25.75,93.0,128.0,0.09910611437122381
25.75,93.25,161.0,0.08465316218754775
25.75,93.5,235.0,0.12801197906203798
25.75,93.75,568.0,0.8588561814951289
25.75,94.0,944.0,0.39435391276651466
25.75,94.25,667.0,0.8918838744594599
25.75,94.5,1196.0,1.0817809320046516
25.75,94.75,770.0,1.1168681281059742
25.75,95.0,2683.0,3.238146996670114
25.75,95.25,477.0,1.141635057793954
25.75,95.5,193.0,1.8390272865499977
25.75,95.75,229.0,0.12181787018408123
25.75,96.0,416.0,1.1189320549846795
25.75,96.25,906.0,0.317962503264637
25.75,96.5,528.0,0.7081604194811154
26.0,88.0,47.0,0.020647126858719656
26.0,88.25,52.0,0.01858241432567764
26.0,88.5,55.0,0.037164824742126776
26.0,88.75,52.0,0.024776551758567633
26.0,89.0,49.0,0.020647126858719656
26.0,89.25,42.0,0.012388276458428882
26.0,89.5,33.0,0.016517701744373538
26.0,89.75,32.0,0.0020647127743524674
26.0,90.0,36.0,0.05161780541643532
26.0,90.25,38.0,0.0041294255433424795
26.0,90.5,99.0,0.13214138332726857
26.0,90.75,55.0,0.03303540074317077
26.0,91.0,46.0,0.006194138301607582
26.0,91.25,45.0,0.0020647127743524674
26.0,91.5,50.0,0.006194138301607582
26.0,91.75,410.0,0.3695784609807616
26.0,92.0,343.0,0.0041294255433424795
26.0,92.25,303.0,0.49964782563253296
26.0,92.5,182.0,0.24982866250347802
26.0,92.75,68.0,0.0041294255433424795
26.0,93.0,80.0,0.07226490881444379
26.0,93.25,120.0,0.627647576265945
26.0,93.5,297.0,1.360390024179231
26.0,93.75,152.0,0.23950528690407702
26.0,94.0,753.0,1.3211819616643408
26.0,94.25,1099.0,0.631776503032523
26.0,94.5,1720.0,1.9627736956414257
26.0,94.75,1311.0,0.6482921440496653
26.0,95.0,1113.0,2.989054198473081
26.0,95.25,1030.0,1.5502209026547211
26.0,95.5,1084.0,1.3748347805694052
26.0,95.75,170.0,0.15898247567289367
26.0,96.0,958.0,1.4676896758815536
26.0,96.25,1060.0,1.6430608250174377
26.0,96.5,871.0,1.141635057793954
26.25,88.0,57.0,0.13007668136356887
26.25,88.25,61.0,0.047488382956502186
26.25,88.5,73.0,0.0351001127882296
26.25,88.75,64.0,0.02890597640101786
26.25,89.0,59.0,0.020647126858719656
26.25,89.25,48.0,0.024776551758567633
26.25,89.5,41.0,0.01858241432567764
26.25,89.75,33.0,0.047488382956502186
26.25,90.0,61.0,0.014452989120169799
26.25,90.25,40.0,0.030970688612312704
26.25,90.5,35.0,0.05987664868466829
26.25,90.75,39.0,0.016517701744373538
26.25,91.0,43.0,0.0020647127743524674
26.25,91.25,44.0,0.006194138301607582
26.25,91.5,47.0,0.022711839338137137
26.25,91.75,231.0,0.3365443118725619
26.25,92.0,341.0,0.5719064443353177
26.25,92.25,61.0,0.0
26.25,92.5,61.0,0.0041294255433424795
26.25,92.75,66.0,0.0041294255433424795
26.25,93.0,115.0,0.057811938087470274
26.25,93.25,424.0,0.3138332032418264
26.25,93.5,956.0,0.7349974280801838
26.25,93.75,268.0,0.3386089529748281
26.25,94.0,113.0,0.022711839338137137
26.25,94.25,793.0,1.0652690279123243
26.25,94.5,769.0,0.10942964403063665
26.25,94.75,1625.0,2.1751616820061472
26.25,95.0,2562.0,2.3833676075421972
26.25,95.25,1781.0,1.69050903900675
26.25,95.5,418.0,0.5574548587817905
26.25,95.75,247.0,1.4945130093939034
26.25,96.0,247.0,0.5760354554936353
26.25,96.25,264.0,0.13420608494777478
26.25,96.5,318.0,0.24156996328945088
26.5,88.0,120.0,0.2828633521148532
26.5,88.25,84.0,0.23331125403726496
26.5,88.5,90.0,0.12594727642803824
26.5,88.75,78.0,0.057811938087470274
26.5,89.0,69.0,0.13833548713775765
26.5,89.25,60.0,0.25189333569830846
26.5,89.5,50.0,0.33447966989627576
26.5,89.75,56.0,0.9249109746667011
26.5,90.0,54.0,0.7060960211829341
26.5,90.25,55.0,0.2849280141991625
26.5,90.5,64.0,0.13420608494777478
26.5,90.75,47.0,0.4129354053319894
26.5,91.0,42.0,0.08465316218754775
26.5,91.25,47.0,0.045423671538849957
26.5,91.5,58.0,0.11562375845868658
26.5,91.75,68.0,0.11562375845868658
26.5,92.0,64.0,0.08671787034483673
26.5,92.25,61.0,0.08052374521875305
26.5,92.5,63.0,0.047488382956502186
26.5,92.75,68.0,0.014452989120169799
26.5,93.0,87.0,0.012388276458428882
26.5,93.25,272.0,0.3860954447665699
26.5,93.5,600.0,1.1024205590858969
26.5,93.75,104.0,0.07020019923074715
26.5,94.0,102.0,0.03303540074317077
26.5,94.25,277.0,0.377836960723617
26.5,94.5,716.0,1.2365709213061755
26.5,94.75,571.0,0.4315168110347255
26.5,95.0,1407.0,1.4202314398803437
26.5,95.25,962.0,0.27047536436962505
26.5,95.5,688.0,1.7441433543355052
26.5,95.75,971.0,0.08258845381039906
26.5,96.0,526.0,0.14865898623147009
26.5,96.25,199.0,0.40467697468327196
26.5,96.5,201.0,0.18582349823798092
26.75,88.0,257.0,3.5138585214999
26.75,88.25,197.0,3.6372594143753605
26.75,88.5,151.0,1.2943546772605738
26.75,88.75,106.0,1.3046729313877978
26.75,89.0,136.0,2.1050593521527645
26.75,89.25,182.0,2.0328886043622076
26.75,89.5,212.0,4.268107821784169
26.75,89.75,504.0,3.2463794293094086
26.75,90.0,396.0,3.353388720449911
26.75,90.25,193.0,3.50563062194266
26.75,90.5,129.0,1.4181679936268925
26.75,90.75,247.0,3.990817530443055
26.75,91.0,83.0,3.5385413481959187
26.75,91.25,69.0,3.1105273832769984
26.75,91.5,114.0,3.052882514792428
26.75,91.75,124.0,3.9497212420370853
26.75,92.0,106.0,2.0555715456251553
26.75,92.25,100.0,2.2040254655365534
26.75,92.5,86.0,1.333563590531854
26.75,92.75,75.0,0.08258845381039906
26.75,93.0,81.0,0.6400343368366638
26.75,93.25,85.0,0.5801644606686628
26.75,93.5,66.0,1.2283158909056098
26.75,93.75,70.0,0.057811938087470274
26.75,94.0,86.0,0.008258851043785318
26.75,94.25,94.0,0.016517701744373538
26.75,94.5,117.0,0.057811938087470274
26.75,94.75,362.0,0.5553903407266281
26.75,95.0,719.0,1.2448259003608324
26.75,95.25,1093.0,1.327372791597713
26.75,95.5,1533.0,1.7606456098302976
26.75,95.75,931.0,0.6957740022981402
26.75,96.0,598.0,1.535778392768901
26.75,96.25,395.0,0.02890597640101786
26.75,96.5,291.0,2.484356058420782
27.0,88.0,1961.0,1.2406984172731323
27.0,88.25,1961.0,2.1772234176349237
27.0,88.5,778.0,0.9249109746667011
27.0,88.75,738.0,3.04258813389685
27.0,89.0,1156.0,3.8264081183774823
27.0,89.25,1167.0,6.004814275451366
27.0,89.5,2283.0,0.8505991682060738
27.0,89.75,2078.0,3.4274584031678295
27.0,90.0,2022.0,1.849340158796615
27.0,90.25,1893.0,1.160209975554111
27.0,90.5,816.0,2.902565307402425
27.0,90.75,2183.0,0.10323552704471432
27.0,91.0,1799.0,1.8823405411841387
27.0,91.25,1577.0,1.3872158612778003
27.0,91.5,1594.0,1.1189320549846795
27.0,91.75,2040.0,2.7357282525913083
27.0,92.0,1102.0,5.035220063260249
27.0,92.25,1168.0,3.17434113116632
27.0,92.5,732.0,3.1990411195378843
27.0,92.75,115.0,3.0672943164566613
27.0,93.0,391.0,1.300545639856163
27.0,93.25,366.0,3.215507117778015
27.0,93.5,661.0,0.49138959225446066
27.0,93.75,98.0,1.4573728371583903
27.0,94.0,82.0,0.05161780541643532
27.0,94.25,86.0,0.008258851043785318
27.0,94.5,89.0,0.010323563764513237
27.0,94.75,93.0,0.010323563764513237
27.0,95.0,116.0,0.020647126858719656
27.0,95.25,450.0,0.6833875200770482
27.0,95.5,680.0,1.0652690279123243
27.0,95.75,1268.0,1.7214522809462038
27.0,96.0,1342.0,1.7853984443543371
27.0,96.25,381.0,1.094164742290938
27.0,96.5,1495.0,0.18582349823798092
27.25,88.0,2562.0,1.6409978075842957
27.25,88.25,906.0,8.020229677900554
27.25,88.5,1226.0,1.0157322647915856
27.25,88.75,2213.0,3.832574627323916
27.25,89.0,3012.0,2.659503112642688
27.25,89.25,4086.0,0.1011708208393484
27.25,89.5,2695.0,2.0823778264193162
27.25,89.75,3740.0,2.09062572988128
27.25,90.0,1126.0,0.8485349093495272
27.25,90.25,2455.0,1.828714295100604
27.25,90.5,2223.0,0.6668721112787707
27.25,90.75,2233.0,0.9166542563852877
27.25,91.0,2711.0,2.6327190561513847
27.25,91.25,2249.0,1.141635057793954
27.25,91.5,2136.0,0.24156996328945088
27.25,91.75,3366.0,2.610054723868173
27.25,92.0,3547.0,0.7969277358846699
27.25,92.25,2707.0,0.3716430873695776
27.25,92.5,2283.0,0.1610471723439192
27.25,92.75,1602.0,0.3035099390153518
27.25,93.0,1021.0,0.5037769345579087
27.25,93.25,1925.0,0.44803354002277307
27.25,93.5,899.0,1.5399048441646237
27.25,93.75,804.0,0.7866061433306722
27.25,94.0,107.0,3.552939057071558
27.25,94.25,90.0,0.05161780541643532
27.25,94.5,94.0,0.0351001127882296
27.25,94.75,98.0,0.010323563764513237
27.25,95.0,106.0,0.016517701744373538
27.25,95.25,119.0,0.0020647127743524674
27.25,95.5,164.0,0.0660707795217475
27.25,95.75,434.0,0.5760354554936353
27.25,96.0,477.0,0.627647576265945
27.25,96.25,911.0,1.3294363946939125
27.25,96.5,1585.0,2.364817078984745
27.5,88.0,3357.0,2.7336682398761547
27.5,88.25,4816.0,0.22711721571701693
27.5,88.5,1718.0,6.6248869589328425
27.5,88.75,4072.0,0.23950528690407702
27.5,89.0,4301.0,1.4119776328109406
27.5,89.25,4135.0,1.2179970312211081
27.5,89.5,3704.0,1.333563590531854
27.5,89.75,2727.0,0.9352318184529319
27.5,90.0,1537.0,1.915339674289125
27.5,90.25,3341.0,1.1994228850958737
27.5,90.5,1900.0,2.5070248347054584
27.5,90.75,2677.0,3.0878819301886904
27.5,91.0,3987.0,2.900505885153951
27.5,91.25,2802.0,0.9434884498118776
27.5,91.5,2019.0,4.446700750241444
27.5,91.75,2101.0,4.07916057032492
27.5,92.0,3933.0,0.6771942549388583
27.5,92.25,2887.0,4.329701153431938
27.5,92.5,2205.0,2.84489866634923
27.5,92.75,1749.0,3.976434295171064
27.5,93.0,777.0,1.5976734665329169
27.5,93.25,2142.0,0.5595193753893642
27.5,93.5,1645.0,0.26841069725556754
27.5,93.75,1185.0,0.30763924710818236
27.5,94.0,1830.0,2.8222423297011185
27.5,94.25,115.0,1.141635057793954
27.5,94.5,111.0,0.3158978536634346
27.5,94.75,103.0,0.9847710119189098
27.5,95.0,114.0,0.0041294255433424795
27.5,95.25,120.0,0.0020647127743524674
27.5,95.5,132.0,0.016517701744373538
27.5,95.75,155.0,0.037164824742126776
27.5,96.0,173.0,0.039229536599499834
27.5,96.25,267.0,0.020647126858719656
27.5,96.5,439.0,3.4151142458264294
27.75,88.0,4682.0,2.3442047989314987
27.75,88.25,4926.0,2.1627911500687
27.75,88.5,4941.0,0.8175707651401344
27.75,88.75,3956.0,2.3545110151821853
27.75,89.0,4985.0,0.06813548946472758
27.75,89.25,4725.0,0.42945221481211643
27.75,89.5,4350.0,0.5161642297648366
27.75,89.75,2274.0,3.809963660875407
27.75,90.0,2465.0,3.2134488970191515
27.75,90.25,3922.0,3.0570002119472304
27.75,90.5,3115.0,4.660077300574061
27.75,90.75,4174.0,1.9070900093264915
27.75,91.0,2581.0,3.322523026222064
27.75,91.25,3259.0,3.6845541951814345
27.75,91.5,4177.0,1.7193894292006497
27.75,91.75,4080.0,1.8410898705568608
27.75,92.0,4261.0,1.4449925059764543
27.75,92.25,4988.0,0.006194138301607582
27.75,92.5,3584.0,4.294799487326271
27.75,92.75,3678.0,2.0060806705917815
27.75,93.0,1551.0,3.0570002119472304
27.75,93.25,1871.0,0.6482921440496653
27.75,93.5,1515.0,2.063819728456962
27.75,93.75,1334.0,1.6079889534446592
27.75,94.0,462.0,2.638900094893058
27.75,94.25,668.0,0.7577054146874641
27.75,94.5,264.0,0.8629846747824034
27.75,94.75,580.0,0.4356460001127051
27.75,95.0,116.0,1.436738876805019
27.75,95.25,119.0,0.1651765644258134
27.75,95.5,124.0,0.05161780541643532
27.75,95.75,137.0,0.045423671538849957
27.75,96.0,192.0,0.12388257346693189
27.75,96.25,277.0,0.9290393194220559
27.75,96.5,2095.0,0.317962503264637
28.0,88.0,5818.0,2.3132852421266263
28.0,88.25,5974.0,3.262843891701558
28.0,88.5,5337.0,1.6575018274286613
28.0,88.75,5097.0,0.6854519382479868
28.0,89.0,4952.0,0.7226111557830797
28.0,89.25,4517.0,0.16930595479175053
28.0,89.5,4600.0,0.9042691076789103
28.0,89.75,4122.0,1.9091524329963763
28.0,90.0,4023.0,2.5152678317385733
28.0,90.25,5404.0,0.5739709506597083
28.0,90.5,5377.0,0.4088061921309467
28.0,90.75,5098.0,0.8402778519468711
28.0,91.0,4192.0,0.014452989120169799
28.0,91.25,5046.0,0.14452958771472407
28.0,91.5,5010.0,1.0879728498556887
28.0,91.75,4972.0,1.1787846494047363
28.0,92.0,4961.0,0.8134421760989904
28.0,92.25,4985.0,0.3716430873695776
28.0,92.5,5668.0,3.7894072052860692
28.0,92.75,4650.0,0.3571906826797143
28.0,93.0,3033.0,3.168165949166722
28.0,93.25,2185.0,0.33447966989627576
28.0,93.5,515.0,6.357867095180401
28.0,93.75,555.0,5.143788617726395
28.0,94.0,1741.0,1.1086123916558135
28.0,94.25,301.0,1.4222948824489572
28.0,94.5,682.0,1.7049493424316537
28.0,94.75,791.0,0.4975832692208899
28.0,95.0,812.0,0.7143536033216681
28.0,95.25,199.0,2.4122229901450383
28.0,95.5,149.0,3.1208204499046137
28.0,95.75,159.0,0.5925514398652718
28.0,96.0,252.0,5.724902670336313
28.0,96.25,727.0,6.2232321407132405
28.0,96.5,1941.0,0.794863421490659
28.25,88.0,4697.0,0.9063333050301708
28.25,88.25,4392.0,0.2787340257477346
28.25,88.5,4534.0,0.6937095930799073
28.25,88.75,4765.0,1.2406984172731323
28.25,89.0,4602.0,0.4315168110347255
28.25,89.25,4435.0,0.9661939829500676
28.25,89.5,5038.0,0.27666936147564875
28.25,89.75,5047.0,0.5306160131036053
28.25,90.0,5242.0,0.5842934598175267
28.25,90.25,5682.0,0.5161642297648366
28.25,90.5,5575.0,1.1106763300979539
28.25,90.75,4691.0,0.8031206666306362
28.25,91.0,4199.0,2.525571431477466
28.25,91.25,5116.0,0.5430032022964179
28.25,91.5,5537.0,0.49551871151709015
28.25,91.75,4401.0,0.5574548587817905
28.25,92.0,5355.0,1.6348087297692397
28.25,92.25,4805.0,0.5533258212292361
28.25,92.5,3830.0,2.045261197261713
28.25,92.75,4823.0,0.3509967809337745
28.25,93.0,4569.0,0.30763924710818236
28.25,93.25,2347.0,3.8346301105531673
28.25,93.5,3607.0,0.9517450419818125
28.25,93.75,3053.0,0.5822289609990448
28.25,94.0,2278.0,1.1994228850958737
28.25,94.25,990.0,3.2525536657495127
28.25,94.5,1508.0,0.38816006328399055
28.25,94.75,550.0,3.6495976644136854
28.25,95.0,466.0,1.8864655015899323
28.25,95.25,1368.0,0.14452958771472407
28.25,95.5,1662.0,0.7164179942326636
28.25,95.75,446.0,2.8263617295460444
28.25,96.0,3034.0,2.232888129873228
28.25,96.25,3753.0,1.1994228850958737
28.25,96.5,1556.0,5.270746297383134
28.5,88.0,4258.0,1.7235151282275383
28.5,88.25,4527.0,1.797774612197939
28.5,88.5,4870.0,0.29525131341374344
28.5,88.75,5366.0,1.1271877334036557
28.5,89.0,4811.0,0.9703222293046235
28.5,89.25,4903.0,0.4872604678875247
28.5,89.5,5172.0,0.44803354002277307
28.5,89.75,5304.0,0.6957740022981402
28.5,90.0,4959.0,0.2622166917523109
28.5,90.25,5432.0,0.24363463904743973
28.5,90.5,5037.0,1.1086123916558135
28.5,90.75,5080.0,1.1643377020701486
28.5,91.0,5423.0,1.849340158796615
28.5,91.25,5379.0,1.182912321189088
28.5,91.5,5297.0,0.6070028455027332
28.5,91.75,4671.0,0.5285514767175041
28.5,92.0,4563.0,1.162273840320419
28.5,92.25,4537.0,0.32002715204007215
28.5,92.5,4821.0,0.10530023298195924
28.5,92.75,4993.0,0.29112199599075084
28.5,93.0,4718.0,0.4790022040122581
28.5,93.25,4207.0,1.3789618217983421
28.5,93.5,3146.0,2.1627911500687
28.5,93.75,3335.0,0.875370100701119
28.5,94.0,2859.0,2.4472600216643907
28.5,94.25,2567.0,0.05161780541643532
28.5,94.5,1320.0,3.5899596697624734
28.5,94.75,2320.0,2.7892860832483417
28.5,95.0,1380.0,0.7246755392211703
28.5,95.25,1298.0,2.4864168885316635
28.5,95.5,2009.0,1.0239884994432904
28.5,95.75,1816.0,2.4761126737087125
28.5,96.0,4116.0,1.2778452962759141
28.5,96.25,3172.0,0.2353759322726222
28.5,96.5,4116.0,1.7544572981146807
28.75,88.0,5093.0,0.010323563764513237
28.75,88.25,5398.0,1.3748347805694052
28.75,88.5,4727.0,1.3624535714387789
28.75,88.75,4820.0,0.7246755392211703
28.75,89.0,5281.0,0.9827069077431851
28.75,89.25,5139.0,2.2844257724263946
28.75,89.5,5389.0,2.935515038926777
28.75,89.75,4967.0,0.747383631674683
28.75,90.0,5086.0,0.8794985578835199
28.75,90.25,5314.0,1.1313155550807354
28.75,90.5,4500.0,0.11355905394248186
28.75,90.75,4516.0,0.1527883832038498
28.75,91.0,4527.0,0.0351001127882296
28.75,91.25,4806.0,0.367513833632146
28.75,91.5,5003.0,0.4129354053319894
28.75,91.75,4927.0,1.3995968124097067
28.75,92.0,5126.0,0.6503565916578621
28.75,92.25,4692.0,0.1651765644258134
28.75,92.5,4872.0,1.7070122252774012
28.75,92.75,5134.0,0.7618341141587455
28.75,93.0,4950.0,2.2782414489577563
28.75,93.25,4875.0,3.5920162827512723
28.75,93.5,4194.0,1.3232455750775818
28.75,93.75,3759.0,2.2452574969361696
28.75,94.0,4045.0,1.2035504950509726
28.75,94.25,2592.0,1.8039626332613354
28.75,94.5,3061.0,1.9545244921364129
28.75,94.75,968.0,2.358633459034142
28.75,95.0,1731.0,0.588422452897354
28.75,95.25,2503.0,3.021998782881039
28.75,95.5,2505.0,1.0921007809787495
28.75,95.75,3016.0,2.2576266546067334
28.75,96.0,3497.0,0.5801644606686628
28.75,96.25,3058.0,2.7810467321596817
28.75,96.5,3266.0,1.603862771154931
29.0,88.0,5088.0,0.2849280141991625
29.0,88.25,4732.0,0.737061800148198
29.0,88.5,4067.0,0.7453192692290543
29.0,88.75,4469.0,0.32828573877691186
29.0,89.0,4805.0,1.0343087329110026
29.0,89.25,4032.0,0.11355905394248186
29.0,89.5,3966.0,2.37924531093217
29.0,89.75,4605.0,0.5140996838834064
29.0,90.0,5512.0,0.24156996328945088
29.0,90.25,5862.0,2.9808177424071767
29.0,90.5,4445.0,1.7152637123382177
29.0,90.75,4442.0,0.48932503070635086
29.0,91.0,4544.0,0.6379698808651518
29.0,91.25,4628.0,1.1313155550807354
29.0,91.5,4803.0,2.537935535345908
29.0,91.75,4249.0,1.4346754601798613
29.0,92.0,5441.0,3.668104403620087
29.0,92.25,4612.0,1.2778452962759141
29.0,92.5,4045.0,0.5987449087635357
29.0,92.75,4765.0,0.5925514398652718
29.0,93.0,3846.0,2.3895510061522307
29.0,93.25,3133.0,3.7421236582000184
29.0,93.5,4835.0,0.7102248159405367
29.0,93.75,4847.0,0.039229536599499834
29.0,94.0,4628.0,0.6420987911462296
29.0,94.25,3466.0,1.1086123916558135
29.0,94.5,2114.0,3.7996855555356435
29.0,94.75,2111.0,5.029073581785447
29.0,95.0,1446.0,1.8967778169245129
29.0,95.25,3968.0,5.733079224649422
29.0,95.5,3034.0,0.14659428716346173
29.0,95.75,1922.0,4.257841301720289
29.0,96.0,3778.0,1.3562629190758537
29.0,96.25,4406.0,0.1610471723439192
29.0,96.5,4043.0,1.2530808277273475
29.25,88.0,4950.0,1.2551445514526003
29.25,88.25,4375.0,0.39641852721957355
29.25,88.5,4428.0,0.15485308109749676
29.25,88.75,4310.0,2.5688447577415117
29.25,89.0,4304.0,2.181346871963946
29.25,89.25,4087.0,2.58120802878514
29.25,89.5,5119.0,0.21472912329530314
29.25,89.75,4356.0,2.239072839507017
29.25,90.0,5395.0,1.4264217565103006
29.25,90.25,4417.0,0.778348832493481
29.25,90.5,3614.0,4.348177204493601
29.25,90.75,4205.0,2.144234974261127
29.25,91.0,4235.0,0.014452989120169799
29.25,91.25,4080.0,2.366878273393092
29.25,91.5,3573.0,2.3503885469385275
29.25,91.75,3554.0,3.1084687458133073
29.25,92.0,3662.0,3.098175438093759
29.25,92.25,3993.0,2.335959716614212
29.25,92.5,4335.0,2.0988735466597537
29.25,92.75,5052.0,0.3489321451882151
29.25,93.0,5004.0,0.14452958771472407
29.25,93.25,4948.0,0.05574722734012383
29.25,93.5,4491.0,0.6916451820604178
29.25,93.75,4866.0,0.13833548713775765
29.25,94.0,4317.0,1.632745695343465
29.25,94.25,2929.0,2.2988556531633995
29.25,94.5,3957.0,0.7577054146874641
29.25,94.75,4553.0,2.9272777873802673
29.25,95.0,2365.0,3.1208204499046137
29.25,95.25,1182.0,2.9725811630309322
29.25,95.5,2963.0,2.999349594635931
29.25,95.75,3988.0,3.1022927852407225
29.25,96.0,4435.0,2.1895937127590224
29.25,96.25,4484.0,0.4418397752311691
29.25,96.5,4650.0,1.1168681281059742
29.5,88.0,5558.0,
29.5,88.25,4567.0,
29.5,88.5,4353.0,
29.5,88.75,5555.0,
29.5,89.0,5361.0,
29.5,89.25,5338.0,
29.5,89.5,5223.0,
29.5,89.75,5441.0,
29.5,90.0,4704.0,
29.5,90.25,4040.0,
29.5,90.5,5724.0,
29.5,90.75,5244.0,
29.5,91.0,4228.0,
29.5,91.25,5227.0,
29.5,91.5,4712.0,
29.5,91.75,5061.0,
29.5,92.0,5164.0,
29.5,92.25,5125.0,
29.5,92.5,5352.0,
29.5,92.75,5221.0,
29.5,93.0,5074.0,
29.5,93.25,4921.0,
29.5,93.5,4826.0,
29.5,93.75,4799.0,
29.5,94.0,5108.0,
29.5,94.25,4043.0,
29.5,94.5,4324.0,
29.5,94.75,3134.0,
29.5,95.0,3878.0,
29.5,95.25,2623.0,
29.5,95.5,1509.0,
29.5,95.75,2484.0,
29.5,96.0,3374.0,
29.5,96.25,4698.0,
29.5,96.5,4109.0,
